symbol	globalScore
NOD2	0.8670438701471027
IL10RA	0.8210018654039695
IL10RB	0.7891238260601877
ADAM17	0.7521430578914261
IL10	0.7333196259997289
IL23R	0.6844732748515503
EGFR	0.6615646256365052
IL21	0.6379103779809906
IRF5	0.6328034211045062
INAVA	0.6310216746067363
BACH2	0.6300672922044006
ATG16L1	0.6136662120761595
STAT3	0.608580552567603
FCGR2A	0.5802417279816547
HSPA1L	0.5792240272545989
GPR35	0.5667652099524376
MST1	0.5638855864597715
DLD	0.5637680711559431
SMAD3	0.5607256916457115
CARD9	0.5601988706668977
TNFSF15	0.5598006000711785
PITX2	0.5566876713388862
ADCY7	0.5552351232907007
IRGM	0.5548807849459887
LACC1	0.5521973548789931
IFNGR2	0.5505470261059203
IL12B	0.5487144420173344
NFKBIA	0.545895005872519
PTPN22	0.5448066495522033
PTPN2	0.5432002191333796
ITGA4	0.5409999572368037
IFIH1	0.5404402450302435
CDKAL1	0.5400368086969412
HLX	0.5399065970172855
JAK2	0.5359657414016015
ADO	0.5307506788145328
TNRC18	0.5296917635774376
CD6	0.5292643700078686
NKX2-3	0.5291449110790551
GPR65	0.5269877141579213
PTGER4	0.5261888675599591
GALC	0.5232119660884713
CEP43	0.5219452485192081
NDFIP1	0.5208698796122168
CD40	0.5197702744368464
FOSL2	0.5194189437469205
IL18R1	0.519077599944456
IL2RA	0.516436630227304
RASGRP1	0.5136461325222654
TYK2	0.5134885062523619
SNX20	0.5129774574701673
JAZF1	0.5121960683080735
OSMR	0.5115774892162255
PLCG2	0.5105659522696273
FOS	0.509529408623012
PARK7	0.5085941833302303
RNASET2	0.5084125081120732
CCL20	0.507676916314825
BANK1	0.5072115428250455
IL18RAP	0.5066865680944506
P4HA2	0.5062098457115123
MAP3K8	0.5059035065783862
PRKCB	0.5056082314437185
IL17REL	0.5051217492417746
TAGAP	0.504909058507041
CDYL2	0.5037580113279223
TRIM22	0.5030392466541774
RORC	0.5029019515088076
IL37	0.5022179580882113
CD28	0.5013666245594799
SH2B3	0.5012633764384811
SPRED2	0.5001690953437672
MUC19	0.4991622560049596
ALPI	0.4989328038243474
SOX4	0.4988025847166032
NR5A2	0.49736755803340854
TNFSF8	0.4958508107783814
IAH1	0.49556849270628367
DENND1B	0.49433758206025286
IKZF1	0.4938938485151188
DAP	0.49367065031959906
SP140	0.49362102293372306
APOBR	0.4927898958667802
PRDM1	0.49238684845145286
ZFP36L1	0.4918619571924505
IL19	0.4918525912374277
KSR1	0.4896075484566868
CCL7	0.488795536683053
ACOXL	0.48803100046147113
GNA12	0.48740964388775837
RIPK1	0.4868290635834234
IRF8	0.48585558369764076
TUBD1	0.4841377079028109
TRAF3IP2	0.4836712455095552
USP25	0.48334419439732845
NXPE1	0.48289112155058306
LITAF	0.48177893214349476
TNFAIP3	0.4816261555196027
TSPAN14	0.4811352151538118
SEC22B	0.4805398523070498
SLC9A4	0.4793683659835185
SLC39A8	0.47876250956917166
ADAD1	0.47723525669354955
HINT1	0.47703419092527155
CUL2	0.4760485972664111
SYK	0.47594493686295897
IL12RB2	0.4749042583771267
UBASH3A	0.4747225176443086
PDGFB	0.47470936270607417
IRF1	0.47459717900444526
PLCL1	0.47400217121956784
KLF3	0.47237725798310026
RSPO3	0.47161588089389306
CARD8	0.47154439101668133
PTPRC	0.47133428203170286
CXCR2	0.4710608014570451
GTF2I	0.47082857055286326
OTUD3	0.46931252244698274
DNMT3A	0.46873302954158647
IL1R2	0.4664782491601259
CYLD	0.4663810952702455
IL1R1	0.46597184233353284
PLAU	0.4646680290540667
GATA3	0.4644959684640007
IL27	0.46423773062476037
ERRFI1	0.46281624438645524
CIITA	0.4622461783684165
XIAP	0.4619748183558772
HPS1	0.4619748183558772
ZNF831	0.4615735471917119
CREM	0.46127146613052755
CRB1	0.4610040993936792
SLC26A3	0.4605872571335924
ATP2A2	0.45997455874154397
NCALD	0.4595760786046448
FAP	0.4591464126167913
ZBTB38	0.459141814302093
B3GNT2	0.4588353641250843
SULT1A1	0.4585280995643577
ERGIC1	0.45852651527041044
FOXO1	0.4578756663396309
IPMK	0.45624367994944726
ANKRD55	0.456232685848225
SHC1	0.454131551490262
TGFB1	0.4527353219887597
HORMAD1	0.4523000601603561
INSL6	0.45209867573967255
NCF4	0.4519910015846826
SALL4	0.4519715344712801
C2orf74	0.45190863197283004
CCDC122	0.4518079308300735
TTC34	0.45136611847795516
BRD7	0.45136552253291035
SATB1	0.4502525314162728
PRL	0.4501048388792954
HGFAC	0.44941075662173663
SOCS1	0.449356820838822
CCL2	0.4479698797456369
LPP	0.4468075318632112
NFKB1	0.4465624158387128
TTC33	0.44645828368978
POMC	0.44611892540693043
ELP6	0.445994472421547
TCP11	0.4454933761823443
THADA	0.4453155238113912
TNFRSF1A	0.4452974681933875
LSP1	0.44290569031883326
ADAP1	0.4416267526271603
TLR4	0.4411591316736114
CRISPLD2	0.4405150829628432
SLC22A4	0.4401831533577929
FAS	0.43904566471121614
ADCY3	0.4390131773796996
UST	0.4383085335897577
ELF1	0.43807505920766365
OSR1	0.43733556050041256
RAPGEF6	0.4368017951257833
FCGR2B	0.4365643472275535
SEMA6D	0.4365498918454971
EVPL	0.43646126706906074
C1orf141	0.43611001336435595
CSF2RB	0.43567338654250426
IL6R	0.4354500238969777
GPSM1	0.4353950032183255
CNTN6	0.43493466105497597
SMURF1	0.43449605779544925
ERAP1	0.43440897435425213
DLEU7	0.43411870708798544
TNFSF18	0.43401707065739414
LCOR	0.43224125318064727
ELMO1	0.4314793102665498
CD226	0.43105260021475944
HDAC7	0.42988800323888643
ABCB1	0.42948464268626213
DAGLB	0.4294506131948625
THSD7A	0.4293541046774683
CD200	0.429164957958875
CRTC3	0.42910012112225016
RPL3	0.42865258613300905
SATB2	0.4255392222319068
TET2	0.42467912724539353
HORMAD2	0.4238134557249174
RIPK2	0.4235290786105793
ARAP2	0.42216406864063544
MSRA	0.4211657770515257
PRKAA1	0.4206682317890765
DOCK2	0.4199697537696525
PPP5C	0.41962709633525624
SLC7A10	0.4195671481426726
TNFSF11	0.4195654826893954
REL	0.419463191710998
RUNX3	0.41924724929291945
ALOX5AP	0.41905089254915673
LDLRAP1	0.419016905590007
SETBP1	0.41859806802597527
ACTB	0.41847448619542654
CPEB4	0.41740146326445354
SNAPC4	0.4173168098356028
CELA3B	0.4172266695393254
NCOR2	0.4163143681008038
TMEM91	0.4157773365202895
TRIB1	0.41568443007589
ICAM5	0.4146093070182277
TMEM121	0.4144663836580086
NR4A3	0.4141845586834912
CCL21	0.4139057739342224
SKAP2	0.41355594077432856
CUL1	0.4127104247812705
OLIG3	0.4123303254019643
PACSIN1	0.41179579262119453
BLTP1	0.41155465749239994
FAM241A	0.4101922242171172
RNF186	0.4100268395224885
FRMPD2	0.4094098142387089
LAMB1	0.40929332827376247
TDRKH	0.40895930320825064
CCL11	0.4084538873287362
BATF	0.4083010955521671
MACIR	0.4079587687119231
IL2	0.4075269672632379
ASPG	0.4058929726987402
ITGB8	0.40537717164099285
LNPEP	0.4048954234023095
NT5C1B	0.404151915670492
COG6	0.40390142630117043
CAMK2G	0.4038451665509517
ZC3H12C	0.4034015279095378
PUS10	0.4025027766023667
DUSP22	0.4015577401858131
BTBD3	0.4009187960805689
CSMD1	0.3995556597357739
GCKR	0.39930721896812
SLC25A15	0.39927711280871636
CUBN	0.3990872001326651
LRRK2	0.39867646903409415
NKD1	0.39842538370328856
ITGAL	0.3981886123582509
IFNLR1	0.3976839858488044
ATRAID	0.3960332967852137
NEU4	0.39589077928069233
THEMIS	0.3948299690589745
TMEM50B	0.3946908071063629
RASA2	0.39414345663736033
ADGRL2	0.39218882106042546
FADS2	0.3921261997358696
KIF11	0.3921176671260209
SLC9A8	0.38893846654085323
CARMIL1	0.388273268750523
MMP9	0.38770898058192327
NRIP1	0.3866631245741416
DR1	0.38504843201883665
NOTCH2	0.3840418505396341
PSMG1	0.3833183818174976
PRM1	0.3816041359152438
PDLIM4	0.3794339172343342
OXTR	0.37836712120238947
SPATS2L	0.3783343780237172
RFT1	0.37639473630182974
FOXP1	0.37612667079015094
CACNA1C	0.37604441265926536
TMEM163	0.3743481271246151
ID4	0.37428491383910545
CFAP90	0.3740255593541817
ZBTB40	0.37345993493127655
USP12	0.3732447715654732
RGS14	0.3725813593217878
H3-7	0.37253028597413224
MTMR3	0.37224017409188137
SYNGR1	0.37207602278401436
STK38	0.37159138458567187
ENSG00000284779	0.3711483406303325
ANKZF1	0.37050380432141355
COL7A1	0.3695798546847018
ELF4	0.3695798546847018
FKRP	0.3691635911113183
SCYGR5	0.3691635911113183
USP42	0.3689896758819106
HMGXB4	0.3688533943193197
MAD1L1	0.3664097888496766
ZNF300	0.3650265845662804
KCTD12	0.3634199158981865
EDN3	0.3633231424756533
RAP2C	0.3632310283708902
GART	0.36310614072652203
RPRM	0.36304517742027465
UBE2L3	0.3612764283934462
NAB1	0.3612108110609499
PRKAB1	0.36094491640971
MEX3C	0.3608879922008684
ZPLD1	0.36024698034626834
EGR2	0.35973540476428206
ACTA2	0.35965776292631185
MTX1	0.3590051694738111
LILRB3	0.35862736101818254
HELZ2	0.3578201495054346
TUFM	0.35704989111978996
MRPS31	0.3569282028361432
CD274	0.3562886796384115
CTSF	0.3558470536651724
NUPR1	0.35564159210457935
IRF2BP2	0.35439702896957287
FADS3	0.35416777983293424
TMCO4	0.3531670359488654
PDK1	0.3530345878915201
KIN	0.3529787500613681
ITPR3	0.3521790993421313
CHLSN	0.3520493284250662
SLC22A5	0.3520444972150051
NCF1	0.35199317920918366
SOX14	0.3518580165304572
FAM118A	0.3513640233174353
APOE	0.3512532338088994
IPPK	0.3495673446797769
SEC16A	0.3495638800817796
FBN2	0.34868350129584813
CYP2W1	0.34823894265145966
RTEL1	0.3482105892322441
C12orf75	0.347164657903393
TBX18	0.3468567200966463
TSPAN3	0.34668294559286533
EBLN1	0.34661716207008886
MBOAT1	0.3461426125021588
SLC24A2	0.3459928952829882
ZMIZ1	0.3457957659682272
IFNG	0.3450381521859548
SDK1	0.34501647477023545
CSRNP3	0.34491365142355834
AHR	0.3448073220503837
RFX6	0.34449598547339183
DNAI4	0.34307184623423387
PTPN11	0.3430298266312745
ZFP36L2	0.3428438106691534
PDCD1	0.34267396372952375
EPHA5	0.3423251429980301
TENM3	0.34214459561301175
MGAT5	0.3420315752957189
SGIP1	0.34178970518842694
TNFSF4	0.34138324533406067
ARNT2	0.3413100018992166
MYRFL	0.3413077637082101
PADI4	0.3406328333268132
ERCC2	0.3400134663099256
CNTN5	0.3398953008649389
FCGR2C	0.33926333906483563
ARPC2	0.3389584105795064
ATXN2L	0.3389097974944578
ZSWIM6	0.33877492260669667
CEP128	0.33861056661730954
AKAP11	0.33830708871357146
CEP72	0.33762619662322607
YES1	0.3361658846787642
NRG1	0.33563931430171934
SGCZ	0.3349349492883654
DAG1	0.3342402181940867
MYO16	0.3341085662543257
ITGAV	0.33410518346096724
DNMT3B	0.3338814971781685
FOXI2	0.33369752435713335
ETS1	0.33292848056973584
STAT4	0.3329254474124912
ATXN10	0.33285056953037523
TIGD2	0.3327561305638905
FYB1	0.33196922083120434
HNRNPAB	0.3317696339588428
TMEM17	0.3310174298762958
HHEX	0.3308562918770576
MAPK14	0.3305219379572176
MAML2	0.33049366332938845
ATG4C	0.330304800992202
MFSD12	0.3296144045554916
CCDC18	0.3293101481222541
ARHGAP26	0.32928545832496864
TEX48	0.32909918641536706
ATP8A2	0.3286611571489473
CDH13	0.3285568170056789
DDAH1	0.32847111394631506
MYL2	0.3281816209386783
CCRL2	0.3279930031946813
NTMT2	0.3278182869569803
CEBPA	0.32767457280961093
C7orf33	0.3271905192803838
TNFRSF6B	0.3271432801555888
ANK3	0.32660040920266453
DCBLD1	0.3262689305372085
GFRA1	0.3253387827389868
SMIM29	0.32502847264581397
NFATC2	0.32469371145263626
BCL2L11	0.3243832423506109
WDR36	0.3241260250346604
MLN	0.32407388313220653
STPG4	0.3240322366640284
TNFRSF14	0.3237349677933609
KCTD20	0.32359967074101537
MYO5B	0.3233823728491141
ENSG00000293584	0.3231025834244607
ASAP2	0.3227567311747281
INTS11	0.3226129758714394
CDKN2B	0.3223913475357061
SBNO2	0.32228260731609065
PPDPFL	0.32204199606289546
SLC22A23	0.3211899655663078
UBE3D	0.3211795784859003
DPP6	0.32078075190602634
STK32A	0.32078075190602634
GABRB3	0.32065081483095503
DOCK10	0.32065081483095503
EPHA4	0.32065081483095503
KLHL1	0.32065081483095503
TNIP1	0.32046805344809
TNP2	0.3203740075315212
PRKCQ	0.3200708868429147
FAM120B	0.31995023176653226
ERAP2	0.3197385888582491
FAM53B	0.31966012894107854
AUH	0.31961025180224933
NPIPB6	0.31958815110543726
PSMA6	0.31942026248493194
SLC39A11	0.3191792790764452
DNAJC28	0.31900089717702157
WAPL	0.3189067884646677
UNC5C	0.31809571192260266
NICN1	0.31775331527605793
ASCC2	0.31580263464196656
HSBP1	0.31574767188041325
LTBR	0.3152597379557016
NREP	0.3147856534761498
MCF2L	0.31465600111036063
NEGR1	0.31453683755350276
VWF	0.31431825972672073
ZFP90	0.3137941875345629
TBX15	0.31367544870333136
KCNH7	0.3128712964133918
KDM4C	0.3128712964133918
TMEM132D	0.3128712964133918
SLIT1	0.3122131607547244
CDH8	0.3110905871526604
ELFN1	0.31095181764605223
NLRP8	0.31067997526134006
MYCN	0.31046131364667945
KIF9	0.3100622749663462
GPX1	0.30991069950040717
IL7R	0.3096545275907344
ENTREP1	0.3094391513184294
GSDMB	0.3088762933391192
PNPLA1	0.30841112565300843
CH25H	0.3077333857033679
KIF21B	0.30745659964433614
INSL4	0.30723335349486885
NUBPL	0.3067317780620804
BLTP3A	0.30658810915823614
MTHFS	0.3052303739713596
PHTF1	0.305096570254931
FMNL2	0.30490338011487894
ETV7	0.30473745140832204
CD244	0.30448725471961746
C20orf204	0.3043419313724105
MGMT	0.30429885944093227
AMER2	0.304211710206202
PUSL1	0.3037810468150745
CHSY3	0.3020617947274197
TMEM266	0.3020142655168424
MDM1	0.30180114903808597
CHRM3	0.3012392710133438
TLL1	0.3011579988515596
SNRPC	0.3010527061755844
SGCG	0.301001590049358
LEMD2	0.3008114863319707
ARMT1	0.3007658579026712
WBP4	0.3007008448007359
PTGIR	0.3004115444324353
BCL10	0.3001690551901749
HSPA6	0.2998153066850578
MPI	0.2997258543580864
FNIP1	0.29970192161018216
MTRR	0.2988138014033652
ZEB2	0.2984251976532356
PHACTR3	0.2984167953328548
SRP54	0.29750734135548434
GTF2IRD2	0.29697111799359954
CPXM2	0.2969090845138953
ASXL1	0.2965655579703232
DOK6	0.2962045593581152
MIER1	0.29604334073321753
GPR183	0.29603583125651733
FUT2	0.2959430799593493
PPP2R3A	0.2955142420725275
SGCD	0.2955142420725275
LRRC58	0.29526471666110143
KCNK12	0.2948932704865018
ABHD17C	0.2946531363147649
CENPO	0.2943086224594723
ABO	0.29272138728350744
SERTAD4	0.2925647598279535
IL33	0.2924680394236183
NPVF	0.29234130652060936
MEIS2	0.29234130652060936
METTL4	0.29234130652060936
RGMB	0.29234130652060936
NOX3	0.29234130652060936
ACVR2A	0.29203147342659186
EMSY	0.29103082997026497
HDAC9	0.2909246467121605
ZSWIM2	0.2908287363855306
CD300LD	0.29063427719160856
ZC3H11B	0.2905735789876795
RGPD4	0.29043614193621975
PIK3R1	0.29043614193621975
HDGFL1	0.29033586342803563
CLEC16A	0.2902257998848896
TOM1	0.29009774951284034
CTH	0.2898906736155265
CNTN1	0.28940412665284343
TMEM174	0.2889136100503202
ACTN1	0.28837098410249573
TMEM258	0.2877975207777013
FKBP5	0.28755300725270966
TEAD3	0.28755300725270966
METTL8	0.2874291774974784
ZNF621	0.28710637600760985
PPIF	0.2861221647317481
CCDC170	0.2858220883296971
FCHSD2	0.2855908589413667
RBM17	0.2852333148867052
ZNF774	0.28484257689143233
UFL1	0.28476530773559344
NRIP2	0.28472808149478385
DUSP16	0.2845258089140248
ADGRG6	0.28415095512781835
ARMC12	0.2839029576880862
SMIM20	0.28276650883017995
ANKRD28	0.2827588213526341
SOX11	0.2824050740766898
MBD2	0.2824050740766898
REV3L	0.2816108903015257
ANKRD30A	0.28148624023337987
STK24	0.28129261618081
BMP2	0.2812832124368602
IP6K3	0.28127255628254993
SH2B1	0.28118713285335406
FAT4	0.2808111704896876
ARHGAP45	0.27980404299604655
CDH26	0.2797850605328857
CCNH	0.2797850605328857
PRPF3	0.2795703292999514
MAX	0.27956204120089834
SLC2A4RG	0.2794743812757017
ADPRHL1	0.2783180998523762
B3GALT6	0.27723473732476145
NDUFV2	0.27704811422337805
VGLL1	0.276689144049319
GSDMC	0.27635694795424937
PTTG2	0.2763421791675981
ZNF287	0.2761318249148711
PTPDC1	0.2756530857571357
TM9SF2	0.2755835421340021
NUDT3	0.275498864828131
NUDT1	0.27509110081531596
MRM2	0.27509110081531596
XRCC2	0.2742237536503291
RAMP3	0.2741301586123442
OR6J1	0.27412195553399193
MDFIC2	0.2736652555531172
IHO1	0.2736211837659054
PITX1	0.2726304917970015
GPR12	0.2723222852112453
MYT1L	0.271622695302636
LIFR	0.2710828610296161
RPAP1	0.2709207165245164
MAP4K3	0.2707779818802743
DUSP5	0.2707327281466734
ERBB2	0.27065681868645863
TBX20	0.2706410472825135
SLC17A4	0.2700688404879754
ATP10A	0.2698617520015221
KDELR2	0.26962539039249117
ETFA	0.26889956099203693
SPATA6	0.2687136971396687
HNF4G	0.26828663825504256
FTCDNL1	0.2676752520913419
ITLN1	0.26766733673622223
RAB44	0.2676096371290267
NEK6	0.26708059413032925
RELT	0.266811589446772
CYTH3	0.26675437646176847
NXN	0.26675437646176847
ZNF644	0.26626756565461546
SRPK1	0.26558198146751677
FAM180A	0.26554580875668493
THOC3	0.2652249392448882
PPCDC	0.2651749496843282
ELK3	0.26443535464775
KCNMB2	0.2639213829020055
ZPBP2	0.26370592594186826
IL21R	0.2633507483139977
IRX2	0.26293614997478
IL1RL1	0.2629129141953093
MXRA8	0.26261222845792803
NAT8	0.26257153809462985
ITPKB	0.26226890186112206
SLC22A16	0.26226770218617995
SEPTIN9	0.26148632962583374
ZNF568	0.26087444585058295
UCP1	0.26077877856293674
CCDC88B	0.260710194038583
AP1AR	0.26052440203796295
NR6A1	0.25973690374217906
RIPOR2	0.2580495597066463
CEBPB	0.25795007914424223
MAP2K6	0.2568134987225885
UNC13C	0.2564792879647274
DIRAS3	0.2564792879647274
NECTIN1	0.256455364431653
ICOSLG	0.25609196033874326
TRABD2A	0.25574112369230195
BAK1	0.2551823016631266
SLC25A24	0.25499531937534975
SEH1L	0.25472690901729844
DAOA	0.25458280864514543
PLEKHH2	0.2544740151809785
BOLL	0.25402669917800347
RNASEH2B	0.25396744367185414
MYC	0.25382062165797037
OSGIN2	0.2531496385416675
COMMD1	0.2528647279622096
ITPKC	0.2527285867838578
MFSD13A	0.25150604525141396
SKAP1	0.25132090274821983
PER3	0.2507977999928999
EMC8	0.2506913522063118
COX4I1	0.2506913522063118
RTP5	0.25061775285756166
HECW1	0.25041208912962093
SCYGR8	0.24928657788383748
FEN1	0.24924566923555264
JUP	0.2481286861739911
RPH3A	0.24796461133130818
TMEM196	0.2478543254924203
PIK3C2B	0.24747615957223312
COL28A1	0.24675514121105538
CD40LG	0.24636131484251783
UACA	0.2460428873518908
FOXF1	0.24599528055172232
RFTN2	0.24590230758910794
LIME1	0.24576542068564491
RPS9	0.24501624287884685
CISD1	0.24437707764691138
TLR10	0.2441479990337818
PSMD5	0.24385365724701794
APEH	0.24379786471409975
PGAP3	0.24369553908565353
UBE2V2	0.243500974846484
CCR3	0.24338489233282734
WIPI2	0.2431046929587581
FOXK1	0.24285673772589383
TCEA2	0.24284100519679247
MTHFSD	0.24275743711977266
KCNH8	0.24127372100472882
PPM1F	0.24086540421301098
PRKCSH	0.24086540421301098
ANKRD44	0.23958352480184003
GMEB2	0.23736032701119558
AMZ1	0.2371386619057574
ELOVL3	0.2357083585868676
CAMK2A	0.23488989629551701
RYBP	0.23431054728485567
BRD1	0.23333448513377375
RAB12	0.23317462525670113
NDRG1	0.23316529727408933
CELA3A	0.2326811866536622
C10orf95	0.23170699367067235
ATXN2	0.23141814355713303
RSU1	0.23101121208947506
LRRC32	0.23023054240541768
C7	0.23002395261275443
ANGPT1	0.2299166288861688
PMAIP1	0.22893068825230972
CEPT1	0.2288905845926045
GIPC2	0.22841823454232188
DHX35	0.22792085222614472
FOXC2	0.2277746040655264
VCAM1	0.22770360667013617
WNT2	0.22752231855073304
KIAA0319	0.22608356453718437
BRPF3	0.22608163725111663
CNTNAP2	0.22597298743129926
SPATA6L	0.2258577725341356
YDJC	0.22539394941117472
JUND	0.22489174340243398
PPM1G	0.2247858403967792
TBC1D1	0.2245722017037356
SLC52A3	0.2243802821244595
USP34	0.22433528753151882
SMIM3	0.2241711608476269
MED15	0.22402581856870055
TPRG1	0.22383543064482392
CRIPTO	0.22343436641718414
FCAR	0.22277790974673223
ERN1	0.22241364231475594
MARS2	0.2220153423126067
KCNMB4	0.2214213170201088
SCGN	0.22138381955985198
NFIA	0.22056502612568518
FOXL1	0.22048801753734004
SPATA31C2	0.22046683370720166
FLI1	0.22011923608359082
SNX8	0.22011923608359082
PPP1R3D	0.22007288065225275
KATNAL1	0.2196567219003115
PPP2R5C	0.21830822432133554
INHBA	0.21794029023824815
COL21A1	0.21794029023824815
TPGS2	0.21794029023824815
SALL1	0.2146932909355543
FUT1	0.21464437943399278
FADS1	0.2144379478859951
PDE4A	0.2144056042546002
MYPN	0.2133367119886925
CTSS	0.21305714032232104
DYNLRB2	0.21219649864378584
CRIP1	0.21134015843018886
CRIP2	0.21134015843018886
HES5	0.21096762600859317
SFMBT1	0.21095845772424254
IRX4	0.21086736964734693
PPIAL4G	0.21034290458311958
MRTFB	0.20992341666263825
MAGI3	0.2094937198971048
SNX13	0.20901670921289695
OR4N5	0.2088371320256596
LYRM7	0.20866600523784612
ALPK1	0.20839626770125838
GRM4	0.20796238964553823
DOCK5	0.2072068765369653
FGF9	0.20654944267525222
SLC4A3	0.20654944267525222
ENSG00000233974	0.20654944267525222
ALG10B	0.20654944267525222
KIAA1328	0.20614589777957013
DCLRE1B	0.2061309156442573
IP6K2	0.2059275069643182
ZDHHC4	0.20586621279414538
ABCB5	0.20479893317589487
HSPD1	0.20374352751467945
TMBIM1	0.2030289627894987
CCR1	0.20298265418826272
ATP6V1H	0.2027466277268314
RHPN2	0.20262455705322374
ATP6V0A4	0.20230439188102473
DUSP29	0.20181436828612073
ICE2	0.20163750941603809
CLN3	0.20163305604995618
FUCA2	0.20157174408845038
PSORS1C1	0.20109626621695506
CDKN1A	0.20041794410511984
GBA1	0.20029298714822408
TAB2	0.19989187173302658
C8orf33	0.199375377831854
TLR1	0.199359748469131
PRR9	0.19899163595985697
PHYKPL	0.19897581654360094
RPL26L1	0.19888987979059705
RNASEH2C	0.19878828254543243
VEGFA	0.19862106886217365
EZR	0.19842312903104256
GNG12	0.19790809682701435
BSN	0.1978245292333069
DOCK7	0.19766869962180147
MEI1	0.19729922840365663
MAMSTR	0.1954590250874575
EPCAM	0.19391253492888905
FOXA3	0.19282352873068576
FGF21	0.19248386865647554
PRM3	0.1922926612082093
SLC6A7	0.19183464276639703
LARP6	0.19037744213659458
PLA2G10	0.19037744213659458
NCOA5	0.18971955816510297
ZAP70	0.18898220160499546
GOLPH3L	0.18877455735942447
PRR16	0.18867681700261948
CRIM1	0.18867681700261948
NEURL1	0.18815463665170015
MCL1	0.18807181187272132
SUGP1	0.1878761933953478
ANXA2	0.18727168140341824
MACC1	0.18697772773137866
PKD1	0.18590255525004862
DNAAF5	0.18563461380016835
TEDC1	0.18543595548697564
CCDC63	0.1852946369483874
SNX11	0.18488369858164372
RHBDF2	0.1847899273423509
MECOM	0.18475591814089465
GAL3ST2	0.18460505726153448
CLK1	0.18324663554939655
AOX1	0.18324663554939655
TYW5	0.18324663554939655
NIF3L1	0.18324663554939655
PGAP1	0.18324663554939655
MAIP1	0.18324663554939655
COQ10B	0.18324663554939655
KCTD18	0.18324663554939655
PPIL3	0.18324663554939655
MOB4	0.18324663554939655
SF3B1	0.18324663554939655
HSPE1	0.18324663554939655
C2orf69	0.18324663554939655
BZW1	0.18324663554939655
C1orf87	0.18324663554939655
SGO2	0.18324663554939655
SGF29	0.18317037370441927
BANF2	0.1828030863231897
HES1	0.1828030863231897
PPIAL4A	0.1828030863231897
HSPE1-MOB4	0.18235210654520637
BFAR	0.1822851184809309
ANKRD36C	0.18106961666952318
E2F3	0.18017924048269973
ZNF496	0.1801091432866701
GPR142	0.17986192857834687
SH3GL3	0.17957657362742496
ENPEP	0.17945094151904328
SPATA31F3	0.17920478140752663
ZIC5	0.17713674346691746
SHISA2	0.17656281127179455
AP5Z1	0.17609538886687268
SPMIP4	0.17609538886687268
ZNF619	0.17609538886687268
SMCHD1	0.17609538886687268
RPL14	0.17609538886687268
CYCS	0.17609538886687268
RPL37	0.17569008807776812
CALHM6	0.1754220534445583
SYMPK	0.17497128312715943
PLA2G2C	0.17443295474044831
GNB2	0.17377635494330979
RNFT1	0.17332591378100162
CNNM3	0.17327109325345585
RPS6KA4	0.17324940161771138
ANAPC1	0.1723801733105953
ARHGEF17	0.17235538082396368
LYG1	0.17174644999497785
SP140L	0.16997387455447963
FAM171B	0.16889631503270805
RPS6KB1	0.16708534969056554
PIM3	0.16696587825373732
SULT1A2	0.16687377353614424
HR	0.1664640828777018
ADAMTSL3	0.1656005586582296
RET	0.16535618665018031
PDCL3	0.1653310893075097
ZGPAT	0.16448851615195761
ITIH4	0.16443026857018808
ACTMAP	0.16422245272295397
MERTK	0.1641935538097905
SELL	0.16414751238694447
SHISA5	0.16378166728814667
FAM217B	0.1626656603631678
TSPAN4	0.16161383032717822
VWA1	0.15891549731450558
RIPOR1	0.15833117579887565
NRXN1	0.15820050955385792
FAM72C	0.15811410485016447
NAA25	0.15685473371704525
PARN	0.1562418552417485
TWF2	0.15515475856978053
SP110	0.15392876594954608
KPNB1	0.1532827753087903
TIFA	0.1532493555408033
MUC1	0.15279009248436246
EPPK1	0.1515884921351166
NDC80	0.15153108277032076
ISL2	0.1511687382498279
CTNNB1	0.15052515562890967
DRAM2	0.14991035055934332
ERBB3	0.1489792014238872
ANO2	0.148868891885979
UBN1	0.1484528897542468
TPSD1	0.1484528897542468
HGH1	0.14733211342711497
BTN3A2	0.14725548289006296
NUDT14	0.14678907883468725
SLC12A5	0.1467126505606781
FFAR2	0.14665226556879385
CD2BP2	0.14636226471479702
TSPYL5	0.14634096157521131
VAPB	0.14572976123167525
SYCP2	0.14564781185838527
ATAD3B	0.14520797838089514
RBMS2	0.14463622098419104
BRPF1	0.14458576694449102
PROX1	0.1444315984540074
TNS3	0.14367418699809426
MED13L	0.14367418699809426
PCDH15	0.14367418699809426
CLYBL	0.1436098937336841
SCAMP3	0.1425155639604036
CTIF	0.14200989929011368
CCDC198	0.14119411560197329
SMUG1	0.1411775929172705
RAVER1	0.14106161253493182
APCDD1L	0.1397981416134588
KEAP1	0.13957346838920243
FSCN1	0.13816903788966303
TLR6	0.13800960971933496
SCAPER	0.13774659626273003
GRINA	0.13661597783192148
RMI2	0.13658319534269628
AAGAB	0.13604637714528775
CORO1A	0.1357393673310407
SEPHS2	0.13530552027360673
FIBP	0.13527353835122533
NAP1L5	0.13500018818515838
STIM2	0.13332759530352428
FAM13A	0.13297563165883816
EFNA1	0.1321479828220223
SPATC1	0.13197390806923878
PRXL2B	0.13132833280083397
MTA1	0.13121156810972523
C16orf74	0.13117402372065404
ESR1	0.13095711071570212
NT5E	0.13091820477120059
LCE3B	0.13090733516318115
GPX4	0.13003208801340252
ARFRP1	0.130006888023111
RORA	0.1298420065710856
CXCR5	0.12980916729111983
IFNA7	0.12980916729111983
ZNF620	0.12977250516335498
KRTCAP2	0.1296247146795178
RPS26	0.12931744457866
TMED5	0.12855400627083619
IRF4	0.12837829648787294
SPCS1	0.1282656076986614
TAF3	0.1278841305355742
COX19	0.12733325497992443
RPS6KC1	0.12700382196116858
PXYLP1	0.1266752625022561
AGBL4	0.1260130472739728
RUFY4	0.1238850843113544
ZGLP1	0.12364181848775808
NSUN6	0.1234427491678444
H2BC1	0.12257141480449066
CBX1	0.12256656715547663
CLUAP1	0.12243070430840974
SDF4	0.12133142268776467
SMARCE1	0.12118347218175657
ATAD3C	0.12101350412259924
ELL	0.1203534478093088
RIT1	0.12025733560022635
TMEM177	0.11982689952665332
DNLZ	0.11978389261947761
EPO	0.11962531381727419
SEMA3E	0.11826555349910459
PPIL2	0.11744928994524478
SMAD7	0.11600958761906417
HSD17B2	0.11562584644957502
PRCC	0.11558638552809165
D2HGDH	0.11487097411629946
SMAP1	0.11485868158281855
NPIPB7	0.11396146561186027
ABL2	0.11380442176132635
ANGPTL3	0.11377478862515258
ATG16L2	0.11271986200682609
BTN2A1	0.11268582164487712
CAVIN1	0.11262581479826007
SLC43A3	0.11166199364235059
NKX6-2	0.11091840480444454
ANKRD65	0.11032433030227348
RHOA	0.10901215325527405
FASTKD3	0.10894447723328454
SMIM34	0.1075533057753945
FRMD7	0.1072247282716557
CFL1	0.10663729247004128
LILRA6	0.1063265073841825
KAT5	0.10613798375583956
PPFIA2	0.10533941733169569
AOC3	0.10529930468507964
GDAP1L1	0.1048503756940043
ACSS3	0.10459852272076572
INS	0.10366501603148334
EIF3B	0.10351215145811621
ORMDL3	0.10225169035541763
PHETA1	0.10213089189946879
TOR3A	0.10179817122810261
NPIPA3	0.10125949433424758
B3GAT2	0.10121215540631916
KLHDC8B	0.1011088812919369
PSMG3	0.1009261155952023
TMEM184A	0.1009261155952023
CCR6	0.1004123699423551
WDR97	0.10014329009591712
GPR18	0.09985763336211831
CYRIA	0.09903269924069806
ULK4	0.09903269924069806
SYNE1	0.09903269924069806
ENTPD3	0.09903269924069806
RASA1	0.09903269924069806
CHD1	0.09903269924069806
ADCY2	0.09903269924069806
TIMM22	0.09862033223206476
FUBP1	0.09824627798016534
DCTD	0.09785661489232345
SLC9A3	0.09706147120901715
LRIG2	0.09646919147198202
FUT8	0.09619039281098456
SETD1A	0.09585289271034578
MLANA	0.0956783855090444
THAP12	0.09537695865892182
C1orf115	0.09482280902602185
CCDC116	0.09479974444663376
HSD3B7	0.09441160516415181
NPEPPS	0.09413984807211176
CTF1	0.09397654429028916
CXCR1	0.09361171555988186
ADAMTSL4	0.09351428610159003
RNF123	0.09318790980975757
NPIPB8	0.0929040241015975
ICAM2	0.0926618808749499
IPO13	0.09239496367117545
CAMSAP2	0.09199967665744639
PEX13	0.09128384544723409
SH2D4B	0.0910406501813604
RNF216	0.09090576937807758
UBAC2	0.09069867035712614
PTK6	0.09058229707550149
AMT	0.0905037506516689
ABRA	0.090294380070717
PXDNL	0.09022101778333273
ANKRD50	0.08909103897444304
H2AC1	0.08901105384286605
SLC35F4	0.0883641670762285
FHOD3	0.0883641670762285
KCP	0.08707889961002495
TCTA	0.08696891074379329
HLA-A	0.08658200253588626
COQ8B	0.08647181729617821
CDC37	0.08646562652762643
NXPE3	0.08606762235631571
NFKBIZ	0.08606762235631571
CEP97	0.08606762235631571
GNL3	0.08605703004296143
HDGF	0.08598874898235015
FHL5	0.08559026874473916
CARMIL2	0.08540348834648041
ZIC2	0.08520346274861813
CCR7	0.08504273790753421
ING5	0.08494757348246049
BRD10	0.08474414648347735
ENTR1	0.08394241889019041
PWP2	0.083271785035826
LRRC49	0.08306156008401296
THAP10	0.08306156008401296
KRT28	0.08278223627652229
SLC29A4	0.08174897087916906
IL6ST	0.08134750174336979
GPR137	0.08121120367709726
C5orf47	0.08092668009739833
RASSF10	0.08088074179399984
NXPE4	0.0808582752808394
INPP5E	0.08017805530657517
NPIPB13	0.07993916782169061
MYRF	0.07970900412810933
CUX2	0.07907296807490863
CENPP	0.07885354647139517
ITIH5	0.07869169109460777
CARD6	0.07789522938837617
ATP2A1	0.0778512624832964
IKZF3	0.07781597087422651
ATP5F1C	0.07712668924160088
GADD45A	0.07667987808235152
EIF2B4	0.07654736222321182
XPO1	0.07633495811682374
MAU2	0.07574029701735596
RNF114	0.0753381324457555
TM9SF4	0.07533321076616703
TMEM233	0.07454023806136026
BPIFB2	0.07418155020262206
PRSS53	0.0740919979967323
TMEM131L	0.07382087220395459
INTS15	0.07375593830353819
ARL5B	0.07363556555211101
RAC1	0.07278843964243155
TMEM213	0.07264856445170004
PBRM1	0.07225743229664516
CCNY	0.07214160689909707
RGS20	0.07172417597502272
MUSTN1	0.07159752417318946
ADAM30	0.07153547436253727
CRACR2A	0.07140053616324525
IQCH	0.07136620112031822
SCAP	0.07110182319705988
STMN3	0.07081718688085675
UQCR10	0.07068490806696581
CRYBB3	0.07029715868674984
SMIM15	0.07029715868674984
PRMT8	0.07012113704876027
ALAS1	0.07002875844493273
B4GAT1	0.0698054747522137
GPR146	0.06930641873909996
DOP1A	0.0685805345792486
PTRHD1	0.0681282226731139
C21orf140	0.06761724522112031
DTHD1	0.06746315329163659
CTSW	0.06735781309844947
PMPCA	0.06673357386259134
CCR2	0.0665856862746905
PGM2	0.06655367088675636
CCR5	0.06644623010542987
LCE3C	0.06634537372019418
LGALS9	0.06616231793926529
NPIPA2	0.06560325696462539
ACTN3	0.06537102553735474
WNT7B	0.06500118214709424
RASIP1	0.06496836338790833
EIF3C	0.06496486218854018
LINGO4	0.0649468098585237
GPR25	0.06470269754391467
DUSP1	0.06465638320873787
CCT4	0.0636380880589875
TM6SF2	0.06333128045185428
SPRY4	0.06261878694058978
ASB13	0.06222829768606143
SFMBT2	0.06222829768606143
KIAA1671	0.06216626892156232
RPS10	0.061734229764748856
COMMD7	0.06139807585684019
ATP6V0A1	0.0613492781660578
CACNB2	0.06122747089653714
LTF	0.06100378163876031
FNDC4	0.06093297428415171
RTEL1-TNFRSF6B	0.06088280552519967
FITM2	0.06058198524392913
NCKIPSD	0.06051983595226493
PTPN7	0.05988365645900333
SUOX	0.05939906457582832
TTYH3	0.05934992581045901
FAM114A1	0.05906582739684064
ATP9A	0.05889816581948826
DNAJC27	0.05858885836723282
PSMG2	0.05825471387324982
DALRD3	0.05794062417326659
GINS2	0.05788389341108661
GSE1	0.05788389341108661
CEP76	0.05785616292579153
PRM2	0.05778278550490143
SLC26A7	0.05748995602706258
BLM	0.05738257930587274
MTARC2	0.05611940284487125
SPIRE1	0.05596448464481165
ZFAND2A	0.05591212501683683
IQCN	0.05522634047857444
PNKD	0.054986853134537224
TRAFD1	0.05498330297106803
CD5	0.05495077456187481
GPR63	0.054856900987863506
SCYL3	0.054609762399827635
SPDEF	0.05414124539259866
MRPL20	0.05397105933435297
GATD3	0.053694592679776616
NEK5	0.05338844202696069
GTF2IRD1	0.05337523746260537
CEACAM20	0.05331333084654591
SDR42E1	0.053223550652845814
KLK15	0.05321923323540162
GRIFIN	0.05315867762242647
LFNG	0.05315867762242647
BRAT1	0.05315867762242647
INTS1	0.05315867762242647
CHST12	0.05315867762242647
IQCE	0.05315867762242647
MINAR2	0.05315867762242647
ADAMTS19	0.05315867762242647
MAFK	0.05315867762242647
MICALL2	0.05315867762242647
SOX9	0.05315867762242647
C13orf42	0.05315867762242647
NECTIN2	0.053117230404892905
DCAF17	0.05304705054342378
RLN1	0.052999946667894766
GPAT2	0.05286168438121898
CCS	0.05264811563797201
UBL3	0.052642568422874
KLK13	0.05251885973058662
ATP6V1G1	0.05244155409577641
CCNL2	0.0523255119581629
RDH14	0.05224925799961628
GPER1	0.05214631437833823
RNF19A	0.052097916889310765
KLK1	0.05194544851291146
NBPF11	0.051508917374548796
PLAGL2	0.05148727912803491
RSBN1	0.05133797729431621
TTPAL	0.051324227610536406
GPBAR1	0.05126985183109538
ANKRD16	0.05125731116498601
TASOR2	0.05125731116498601
AKR1C2	0.05125731116498601
GDI2	0.05125731116498601
ANKRD46	0.05121029127282128
LHFPL6	0.05120550585027345
ANKRD39	0.050885222926353724
TSLP	0.050834854948993674
ENTREP3	0.0502612522648412
SEMA3F	0.05011514493853391
KBTBD11	0.05003093737897495
ATOH7	0.049899487646753705
TEX22	0.04986456835089639
PACS2	0.04986456835089639
RMND1	0.0496782169340033
COL25A1	0.049602020446042144
CTSA	0.04959499865079819
ZBTB46	0.04959408544781776
ST13	0.04938738381179908
HAPLN4	0.049372817568626125
THBS3	0.0491608058955212
TNFRSF9	0.04873078861938175
SNX14	0.04870286049692179
ERCC4	0.04870286049692179
NOMO1	0.04870286049692179
TLE3	0.04870286049692179
MAPRE1	0.04848274194193392
FYN	0.04836550947517514
ZNF397	0.04834323453204707
PRDX5	0.04827381616761513
MLX	0.04826756167090952
GVQW3	0.04765279232716177
WDR72	0.04730904789301031
ZGRF1	0.047232818204739915
RRH	0.047232818204739915
GAR1	0.047232818204739915
RBX1	0.04720379663286656
PADI6	0.04720379663286656
AAMP	0.047111531121834097
MELTF	0.04684709770134498
ODC1	0.04684709770134498
ETS2	0.04677353628699069
ISYNA1	0.04662371948649323
ATP6V1G3	0.04634570316842848
SNX17	0.04631133733487334
STAT1	0.0459381818071565
SNX32	0.045386706305629076
SON	0.04535552921277725
KPNA7	0.0449930728069554
POU5F1B	0.04495505211327938
TM9SF3	0.044913702590668174
FAM98B	0.04469253896636571
MUS81	0.04438085889392647
PLB1	0.044160503454726156
TMCO3	0.0440324712655181
INPP5A	0.04399011708427134
CIT	0.04399011708427134
EGF	0.043725828127576936
HECTD4	0.0435642614365945
STARD4	0.0435607411801397
PLPP6	0.043548284437096234
FBXW2	0.04337804732018255
IL15RA	0.04323267392689375
NET1	0.04323267392689375
PFKFB3	0.04323267392689375
GIGYF1	0.042950681040476536
FAM240C	0.042865354891117126
GALNT3	0.042847795982701525
SLX1A	0.042623197978863034
ACTR1A	0.0426175243255909
PAPSS1	0.04252694209794119
LRIT3	0.04252694209794119
AKR1C3	0.04252694209794119
PLA2G12A	0.04252694209794119
SGMS2	0.04252694209794119
OXR1	0.04252694209794119
SMAD4	0.04252694209794119
TRIM13	0.04252694209794119
CALML5	0.04252694209794119
CASP6	0.04252694209794119
CLDN20	0.04252694209794119
ITIH2	0.04252694209794119
SNTG1	0.04252694209794119
PCMTD1	0.04252694209794119
FBH1	0.04252694209794119
ELOVL6	0.04252694209794119
PRPS1L1	0.04252694209794119
AKR1C4	0.04252694209794119
CALML3	0.04252694209794119
NEUROG2	0.04252694209794119
CDC42SE2	0.04252694209794119
CYP2U1	0.04252694209794119
OSTC	0.04252694209794119
MICU2	0.04252694209794119
HADH	0.04252694209794119
LEF1	0.04252694209794119
TFB1M	0.04252694209794119
ETNPPL	0.04252694209794119
AKR1E2	0.04252694209794119
PAPOLB	0.04252694209794119
AKR1C8	0.04252694209794119
TMEM161B	0.04252694209794119
RPL34	0.04252694209794119
TUBAL3	0.04252694209794119
MCUB	0.04252694209794119
RADIL	0.04252694209794119
MROH2B	0.04252694209794119
LARP7	0.04252694209794119
UCN3	0.04252694209794119
CFI	0.04252694209794119
KCNRG	0.04252694209794119
STK11IP	0.04252694209794119
NCOA1	0.042461241791936215
LCE3A	0.04217027048735015
DCLK3	0.04214192641811104
TNFRSF4	0.04207872382984141
DEXI	0.04190438856929521
AKR1C1	0.0418213671889775
SELP	0.04162686363168134
HCN3	0.04160524700681572
OR5B12	0.04151137552368153
ICAM1	0.04143970832730423
ENOX1	0.04109782994516106
XPNPEP3	0.041054095652218466
DVL1	0.04081476982237549
NRBP1	0.040594238150827744
KIF3B	0.04030957057161952
SAG	0.040304012872631564
DNAJB4	0.0402283435070759
NOTCH1	0.04011339644458315
VAV3	0.03997288667478342
PSMB7	0.03991038194781919
ANKRD33B	0.039862258493037005
STAT5B	0.0397902525282377
CLIP4	0.039770706014454635
MANBA	0.03968363962532385
BCL7C	0.03958268766873257
MRPL9	0.039545361080829095
SLC26A6	0.03935708284916592
C1QTNF12	0.03934799158929089
KLHL18	0.03932335102656885
ZBTB9	0.03924764569485109
GLYCTK	0.03918208454766069
SEPTIN2	0.03879531695934606
SH3BP5	0.038585254420972666
HSD17B1	0.038556421382567596
SSBP4	0.03847537742432572
ANKRD23	0.03845453309142357
PTPRK	0.0384367963330089
ENSA	0.038312847862841476
KRTCAP3	0.037898484097860057
GNG8	0.03761056576825575
TRANK1	0.03754498009862998
STX4	0.037473681835746064
SUN1	0.03710220071510456
WDR6	0.036958505335467906
GNPDA1	0.03694642587211937
ARHGEF10	0.036932842666770375
NSG2	0.03683130666660488
FAM83D	0.03667807736965399
NAA80	0.036501538322891304
ABCA7	0.03646409584517253
GTF3C2	0.036319402943178085
ENSG00000293164	0.03617963811478035
PPP1R14B	0.03611226488799265
BEND5	0.0360881160007341
POLR2E	0.03606418191261529
GSDMA	0.03595883110993806
RPF2	0.035829464859119975
TPPP	0.03568789114432544
UTP14C	0.03568109168013025
LRRC69	0.03561418818867273
BPIFB1	0.03556415092716077
PARP10	0.03552222091270578
NBPF4	0.03549010219374984
C1orf54	0.035395362298454344
PANK4	0.03539040244612568
UTS2	0.03519841285929993
CAPN7	0.03508223767540871
CAV3	0.03500223764668951
FAM177A1	0.03494622461467256
RCAN3	0.03489558028620525
LRRC3C	0.03487926052340258
RBPJ	0.034798766171466905
PTPN23	0.034640538284038694
TARS2	0.0345780384904241
TSHR	0.03456540038425364
FASLG	0.03443668053950246
LIF	0.034420779028707535
SEC24B	0.03437433883449886
SLC17A3	0.03426439751718241
MAPK3	0.03416372271996134
OR5B2	0.033931057666985204
PIK3AP1	0.03392135282293694
FBXL18	0.03375485376304258
PHOX2A	0.03336835987718077
MDN1	0.03333629939852668
TBC1D19	0.033329747818758616
SLC30A10	0.033328990078859866
CCDC71	0.0333238979226259
BORCS5	0.03323486053558763
STX1B	0.03296999061474358
TMEM178A	0.032940696120560164
UBXN10	0.0328437601081987
PPP1R15B	0.03277235422994863
BUB1	0.032624553224925294
CSF2	0.032594887665216996
GCA	0.032577382372742325
C1QB	0.03232613830447008
DPP3	0.03190314087364111
ILRUN	0.03189239314475527
PI16	0.03179710346437834
HMG20A	0.031439131928144244
TMEM131	0.03141887277392854
FUT11	0.031309640578915866
PEAK1	0.03115970705042908
RPL6	0.030925841761349812
FDPS	0.030909395595385775
USP4	0.030817601597301198
MRPS21	0.03079810884259454
ZBTB41	0.030745082495349733
LHFPL5	0.03063295825790758
DLG1	0.03038232043127785
ZNF513	0.030279792721243603
NEURL1B	0.03027906175298372
NPIPB9	0.03014202358287405
CAPN10	0.02999431126555334
RNF146	0.029890612580356548
DOK7	0.029638408182183728
RAD50	0.029612031412012036
DIO3	0.029587953467020638
KAT6B	0.029466829458795828
EFEMP2	0.02942709537967071
ICAM4	0.02917361867596505
GIN1	0.029019803682542655
IQGAP1	0.028793685795942246
IKZF4	0.028600499776902093
TRMU	0.028544873344104195
IL22RA1	0.028516564776738553
TMEM278	0.02836302663289033
POFUT1	0.028331764340081257
PSMC3IP	0.028243670756648902
DCP1B	0.028235279842668125
FDX2	0.028200737539378434
SMARCC1	0.028074411779710613
TCTN2	0.028048111431674672
RAB5B	0.028017456877024494
TSEN34	0.027985077676357432
TRIM38	0.027980532245430557
PAM	0.027813470087576387
ZDHHC24	0.02776777997802648
DPYSL3	0.027736571625582733
C6orf52	0.027683888341257627
ZNF48	0.027588293727408626
BCAM	0.02756920115327785
OPRL1	0.027436919662071742
PLEC	0.027370686715800986
TRIM43	0.027368492619319403
TRAPPC10	0.02733444087524985
TBKBP1	0.02732732668173276
PHF19	0.027184289146493394
BICD2	0.027082724089119325
CCNT2	0.02697639597014919
OR5AR1	0.02697304055819269
MBNL3	0.02696807759647721
MTARC1	0.026865415719942224
ENSG00000243696	0.026842985383782533
UQCC5	0.02680245208034893
JRKL	0.02674413196340604
ACTR1B	0.02673423399335976
ANKMY1	0.026719156284433974
NFIL3	0.026578509374419093
GRHL2	0.02649064941365304
TPRKB	0.026469485895566264
CPLX2	0.02644973110453252
MAN1C1	0.026408002621662496
INSYN2B	0.026405403351247015
FAM25C	0.02628685722348884
NCAN	0.026262569546667922
CACNA1S	0.026130937234291808
PVALB	0.026046345193994312
HERC4	0.025989238868291686
LKAAEAR1	0.025976024607596952
CERS2	0.025931665742564388
CHST15	0.02592888877253601
MSTO1	0.025904685613127844
ZNF646	0.025733933494419724
SLC9A2	0.025588525111736628
SCYGR7	0.025484943511434398
IGF2	0.025482514741231557
ANKRD13C	0.0254698536726596
SPDYE12	0.02546547906541061
IL1RL2	0.02545469403624892
TNFRSF18	0.02538828668343152
CCDC82	0.025326337822479908
RPRD2	0.025252984100867043
SLC17A1	0.02524322135096571
ALDH2	0.025219172035090217
CELSR1	0.025160512920076414
CD79B	0.024945655181098862
CEP192	0.024849404635811746
LCE3D	0.024651950329132005
CTLA4	0.024602869906559098
PPP2R3C	0.024549160367063817
NOL10	0.02449852931391764
LILRB5	0.02448689633100745
MTFR1L	0.024460335049672415
PXT1	0.024419915663687952
CCBE1	0.024404060021514174
GPRC6A	0.0243214119239484
FARP2	0.02431536282000341
LPXN	0.024302039184055265
PSTPIP1	0.024300697461713375
OR5B21	0.024252539484941722
ENSG00000272305	0.024214502102061802
TSC2	0.024211990825280843
OSM	0.024173301913495485
GDPD3	0.024125913172581122
REXO2	0.024107099764371684
CFAP221	0.024085202621771877
NTN5	0.024012718544399462
RANBP6	0.023981905839731577
ZNF829	0.023935232986560553
LAMB2	0.023866856165902284
MAPK8	0.023859355344016047
ZNF335	0.023819711420550477
NPIPB12	0.02380657874153504
TEAD1	0.023773819875679145
GLI3	0.023773819875679145
PTPN1	0.023747534506797136
ADAM15	0.02365581260394984
ACOD1	0.02356674334415039
HEATR3	0.02343001971308759
SLC16A9	0.023359668743313827
ACSL6	0.023237774964133873
CDK3	0.02316694138954596
ANKRD36	0.023092188433357776
CALM3	0.023011035981438704
SLC27A6	0.022967788288562788
ENSG00000286131	0.022953770110962397
DACT3	0.022813251821390844
DST	0.022786946696747128
CPQ	0.022786946696747128
SLC26A8	0.022759960027226103
BOLA2-SMG1P6	0.022693682848051695
KIFAP3	0.022609099877547213
CCDC172	0.022588223874134495
POLI	0.022588223874134495
GABRA5	0.022588223874134495
BARHL2	0.022588223874134495
FGF1	0.022588223874134495
HHAT	0.02252160943689029
CEMIP	0.02252160943689029
TBC1D5	0.022438489145339736
LRPPRC	0.022438489145339736
ENSG00000188897	0.022411324443239452
ITIH1	0.022399483957058652
OLFML2A	0.022340917724731273
CAPSL	0.02224546337318939
BMI1	0.022210185868181864
PKLR	0.02201846199068381
ITIH3	0.021861861345386206
TAB1	0.02185828252006562
ITLN2	0.021692643613309907
UQCC2	0.021518846877220436
RNF145	0.021514207717342346
ACTR3B	0.021472576209162233
CALM2	0.021258606087751215
PEDS1	0.02120734226640157
RGS19	0.021153970580521455
SLC19A3	0.020837076155195446
DNAJB5	0.020837076155195446
ANKRD12	0.020685874807759186
ATG4B	0.020682107565051504
CPTP	0.020514089075799144
POLR1F	0.020375882938127678
UBLCP1	0.020375882938127678
SLC16A14	0.020277102609763495
NLRC3	0.020254014185724995
TMTC4	0.020253270233763644
OR5M3	0.020175512964254308
NDUFAF2	0.020028998250498073
PRMT7	0.01998445897352689
CDKN2A	0.019818132823191597
PPM1M	0.019721560263305606
IL5	0.01972039548380624
KIR3DL1	0.01962684912509549
PPDPF	0.01962361552688408
MAPK13	0.019582668447014836
DYNLT5	0.019458694418938886
IFNA10	0.019429345129368874
METAP1D	0.019388381351891547
TLR9	0.019318723173660103
GON4L	0.019296524994218838
ZNF589	0.01928695792469456
SCUBE3	0.019261186256301473
NRG4	0.019261186256301473
TRAF1	0.019235515662356883
NEFL	0.019087484275212833
TENT4B	0.018903514461023684
SP100	0.018903514461023684
LMAN2	0.0188830562665584
ECM1	0.01885254706139922
SLC15A1	0.018831234569875586
DSE	0.0188277826769463
NEURL2	0.01859382769785251
CTSZ	0.01852588297483121
SLC16A10	0.018506538703765757
KRT8	0.007391597093694037